word,category
Island,Nature
Bay,Nature
Riverbank,Nature
Comet,Nature
Beach,Nature
Sea,Nature
Ocean,Nature
Coast,Nature
Ground,Nature
Dune,Nature
Desert,Nature
Cliff,Nature
Park,Nature
Meadow,Nature
Jungle,Nature
Forest,Nature
Glacier,Nature
Land,Nature
Hill,Nature
Field,Nature
Grass,Nature
Soil,Nature
Mushroom,Nature
Pebble,Nature
Rock,Nature
Stone,Nature
Pond,Nature
River,Nature
Wave,Nature
Sky,Nature
Water,Nature
Tree,Nature
Plant,Nature
Moss,Nature
Flower,Nature
Bush,Nature
Sand,Nature
Mud,Nature
Stars,Nature
Space,Nature
Planet,Nature
Volcano,Nature
Cave,Nature
Rain,Nature
Snow,Nature
Leaf,Nature
Moon,Nature
Sun,Nature
Sunshine,Nature
Thunderstorm,Nature
Lightning,Nature
White,Colors
Yellow,Colors
Blue,Colors
Red,Colors
Green,Colors
Black,Colors
Brown,Colors
Azure,Colors
Teal,Colors
Silver,Colors
Purple,Colors
Gray,Colors
Orange,Colors
Maroon,Colors
Aquamarine,Colors
Coral,Colors
Fuchsia,Colors
Crimson,Colors
Magenta,Colors
Olden,Colors
Olive,Colors
Cyan,Colors
Adoring,Feelings
Admiration,Feelings
Accepting,Feelings
Annoyed,Feelings
Antsy,Feelings
Anxious,Feelings
Apologetic,Feelings
Appalled,Feelings
Awed,Feelings
Astonished,Feelings
Aroused,Feelings
Bashful,Feelings
Bemused,Feelings
Betrayed,Feelings
Bored,Feelings
Brave,Feelings
Brooding,Feelings
Bothered,Feelings
Calm,Feelings
Certain,Feelings
Cautious,Feelings
Challenged,Feelings
Carefree,Feelings
Captivated,Feelings
Clueless,Feelings
Cold,Feelings
Cranky,Feelings
Cynical,Feelings
Delighted,Feelings
Delirious,Feelings
Derisive,Feelings
Desperate,Feelings
Determined,Feelings
Disturbed,Feelings
Doubtful,Feelings
Down,Feelings
Drained,Feelings
Edgy,Feelings
Elated,Feelings
Embarrassed,Feelings
Empathetic,Feelings
Energetic,Feelings
Engrossed,Feelings
Enlightened,Feelings
Envious,Feelings
Excited,Feelings
Excluded,Feelings
Exhausted,Feelings
Flabbergasted,Feelings
Foolish,Feelings
Frazzled,Feelings
Free,Feelings
Fretful,Feelings
Frustrated,Feelings
Furious,Feelings
Giddy,Feelings
Glad,Feelings
Gleeful,Feelings
Gloomy,Feelings
Grief,Feelings
Guarded,Feelings
Guilty,Feelings
Hankering,Feelings
Hesitant,Feelings
Hollow,Feelings
Horror,Feelings
Horrified,Feelings
Hostile,Feelings
Humiliated,Feelings
Hurt,Feelings
Hysterical,Feelings
Indifferent,Feelings
Indignant,Feelings
Intense,Feelings
Interested,Feelings
Intoxicated,Feelings
Irritated,Feelings
Jittery,Feelings
Jocular,Feelings
Jolly,Feelings
Joyful,Feelings
Jumpy,Feelings
Keen,Feelings
Lazy,Feelings
Lethargic,Feelings
Lonely,Feelings
Lost,Feelings
Longing,Feelings
Lucky,Feelings
Lustful,Feelings
Melancholic,Feelings
Miserable,Feelings
Mortified,Feelings
Mournful,Feelings
Nasty,Feelings
Needy,Feelings
Nervous,Feelings
Numb,Feelings
Obsessed,Feelings
Offended,Feelings
Optimistic,Feelings
Overwhelmed,Feelings
Panicked,Feelings
Paranoid,Feelings
Passionate,Feelings
Peaceful,Feelings
Perky,Feelings
Perplexed,Feelings
Petrified,Feelings
Pessimistic,Feelings
Pleasured,Feelings
Positive,Feelings
Powerful,Feelings
Proud,Feelings
Raged,Feelings
Rattled,Feelings
Reassured,Feelings
Regretful,Feelings
Rueful,Feelings
Reflective,Feelings
Relaxed,Feelings
Relieved,Feelings
Remorseful,Feelings
Revolted,Feelings
Satisfied,Feelings
Self-conscious,Feelings
Selfish,Feelings
Sensual,Feelings
Sensitive,Feelings
Shameful,Feelings
Shock,Feelings
Sluggish,Feelings
Smug,Feelings
Snappy,Feelings
Somber,Feelings
Speechless,Feelings
Stressed,Feelings
Stunned,Feelings
Submissive,Feelings
Suffering,Feelings
Sympathetic,Feelings
Surprised,Feelings
Terror,Feelings
Tense,Feelings
Thankful,Feelings
Thoughtful,Feelings
Tormented,Feelings
Troubled,Feelings
Upbeat,Feelings
Uptight,Feelings
Wary,Feelings
Woeful,Feelings
Wretched,Feelings
Zealous,Feelings
Monkey,Animals
Panda,Animals
Shark,Animals
Zebra,Animals
Gorilla,Animals
Walrus,Animals
Leopard,Animals
Wolf,Animals
Antelope,Animals
Eagle,Animals
Jellyfish,Animals
Crab,Animals
Giraffe,Animals
Woodpecker,Animals
Camel,Animals
Starfish,Animals
Koala,Animals
Alligator,Animals
Owl,Animals
Tiger,Animals
Bear,Animals
Whale,Animals
Coyote,Animals
Chimpanzee,Animals
Raccoon,Animals
Lion,Animals
Wolf,Animals
Crocodile,Animals
Dolphin,Animals
Elephant,Animals
Squirrel,Animals
Snake,Animals
Kangaroo,Animals
Hippopotamus,Animals
Elk,Animals
Rabbit,Animals
Fox,Animals
Gorilla,Animals
Bat,Animals
Hare,Animals
Toad,Animals
Frog,Animals
Deer,Animals
Rat,Animals
Badger,Animals
Lizard,Animals
Mole,Animals
Hedgehog,Animals
Otter,Animals
Reindeer,Animals
Cat,Animals
Dog,Animals
Rabbit,Animals
Weed,Drugs
Coke,Drugs
Cocaine,Drugs
Hydro,Drugs
Cannabis,Drugs
Purp,Drugs
Ganja,Drugs
Dank,Drugs
Dro,Drugs
Chronic,Drugs
Marijuana,Drugs
Bud,Drugs
Spliff,Drugs
Pot,Drugs
Blunt,Drugs
Yeyo,Drugs
Yayo,Drugs
Piff,Drugs
Powder,Drugs
Crack,Drugs
Blow,Drugs
Hash,Drugs
Dope,Drugs
E,Drugs
Ecstasy,Drugs
Molly,Drugs
MDMA,Drugs
Promethazine,Drugs
Sizzurp,Drugs
Adderall,Drugs
Oxy,Drugs
Valium,Drugs
Ativan,Drugs
Lortab,Drugs
Oxycontin,Drugs
Percocet,Drugs
Vicodin,Drugs
Prozac,Drugs
Xanax,Drugs
Morphine,Drugs
Heroine,Drugs
Needle,Drugs
Meth,Drugs
Amphetamine,Drugs
Bible ,Spirituality
Buddhism ,Spirituality
Christianity ,Spirituality
Confucianism ,Spirituality
Hindu ,Spirituality
Islam ,Spirituality
Judaism ,Spirituality
Koran ,Spirituality
monotheistic ,Spirituality
Muslim ,Spirituality
nirvana ,Spirituality
polytheistic ,Spirituality
reincarnation ,Spirituality
Shintoism ,Spirituality
Torah ,Spirituality
Veda,Spirituality
Buddha,Spirituality
Allah,Spirituality
Jesus,Spirituality
Christ,Spirituality
Karma,Spirituality
faith ,Spirituality
prayer ,Spirituality
meditate ,Spirituality
eternal ,Spirituality
Grace ,Spirituality
peace ,Spirituality
enlighten ,Spirituality
Salvation,Spirituality
kiss,Romance
heart,Romance
baby,Romance
hug,Romance
hold,Romance
dream,Romance
beautiful,Romance
gorgeous,Romance
heartbreak,Romance
smile,Romance
eye,Romance
finger,Romance
hand,Romance
lips,Romance
touch,Romance
feel,Romance
